_id,isGoodSong,repetitionScore
61469c77d40cbdf2d90bce0b,1,0.504834643
61469c77d40cbdf2d90bce0c,1,0.506725142
61469c77d40cbdf2d90bce0d,1,0.486419967
61469c77d40cbdf2d90bce0e,1,0.541022813
61469c77d40cbdf2d90bce0f,1,0.47213245
61469c77d40cbdf2d90bce10,1,0.470397957
61469c77d40cbdf2d90bce11,1,0.473105769
61469c78d40cbdf2d90bce12,1,0.525269831
61469c78d40cbdf2d90bce13,1,0.5186266
61469c78d40cbdf2d90bce14,1,0.539938357
61469c78d40cbdf2d90bce15,1,0.457526485
61469c78d40cbdf2d90bce16,1,0.481391394
61469c78d40cbdf2d90bce17,1,0.270310072
61469c78d40cbdf2d90bce18,1,0.510259444
61469c78d40cbdf2d90bce19,1,0.462259675
61469c78d40cbdf2d90bce1a,1,0.491145826
61469c78d40cbdf2d90bce1b,1,0.514147003
61469c78d40cbdf2d90bce1c,1,0.474172186
61469c78d40cbdf2d90bce1d,1,0.514031424
61469c78d40cbdf2d90bce1e,1,0.430019235
61469c78d40cbdf2d90bce1f,1,0.507642134
61469c78d40cbdf2d90bce20,1,0.519097775
61469c78d40cbdf2d90bce21,1,0.504129807
61469c78d40cbdf2d90bce22,1,0.446981014
61469c79d40cbdf2d90bce23,1,0.513703883
61469c79d40cbdf2d90bce24,1,0.47232807
61469c79d40cbdf2d90bce25,1,0.465687819
61469c79d40cbdf2d90bce26,1,0.496858849
61469c79d40cbdf2d90bce27,1,0.496996695
61469c79d40cbdf2d90bce28,1,0.385191853
61469c79d40cbdf2d90bce29,1,0.465876886
61469c79d40cbdf2d90bce2a,1,0.493283726
61469c79d40cbdf2d90bce2b,1,0.493751379
61469c79d40cbdf2d90bce2c,1,0.45862424
61469c79d40cbdf2d90bce2d,1,0.525210533
61469c79d40cbdf2d90bce2e,1,0.565932679
61469c79d40cbdf2d90bce2f,1,0.466469535
61469c79d40cbdf2d90bce30,1,0.510734981
61469c79d40cbdf2d90bce31,1,0.495725411
61469c79d40cbdf2d90bce32,1,0.50223955
61469c79d40cbdf2d90bce33,1,0.479018875
61469c79d40cbdf2d90bce34,1,0.460682219
61469c79d40cbdf2d90bce35,1,0.480924079
61469c79d40cbdf2d90bce36,1,0.460787906
61469c7ad40cbdf2d90bce37,1,0.515225855
61469c7ad40cbdf2d90bce38,1,0.500899934
61469c7ad40cbdf2d90bce39,1,0.468015218
61469c7ad40cbdf2d90bce3a,1,0.476438252
61469c7ad40cbdf2d90bce3b,1,0.463096944
61469c7ad40cbdf2d90bce3c,1,0.520819287
61469c7ad40cbdf2d90bce3d,1,0.539570693
61469c7ad40cbdf2d90bce3e,1,0.513703883
61469c7ad40cbdf2d90bce3f,1,0.513269718
61469c7bd40cbdf2d90bce40,1,0.483317787
61469c7bd40cbdf2d90bce41,1,0.531241493
61469c7bd40cbdf2d90bce42,1,0.490681385
61469c7bd40cbdf2d90bce43,1,0.481824403
61469c7bd40cbdf2d90bce44,1,0.49343584
61469c7bd40cbdf2d90bce45,1,0.470137298
61469c7bd40cbdf2d90bce46,1,0.510245512
61469c7bd40cbdf2d90bce47,1,0.527419677
61469c7bd40cbdf2d90bce48,1,0.486964052
61469c7bd40cbdf2d90bce49,1,0.46339625
61469c7bd40cbdf2d90bce4a,1,0.522438126
61469c7bd40cbdf2d90bce4b,1,0.515019317
61469c7bd40cbdf2d90bce4c,1,0.508029043
61469c7bd40cbdf2d90bce4d,1,0.415643617
61469c7bd40cbdf2d90bce4e,1,0.500694301
61469c7bd40cbdf2d90bce4f,1,0.489224881
61469c7bd40cbdf2d90bce50,1,0.469290946
61469c7bd40cbdf2d90bce51,1,0.478674578
61469c7bd40cbdf2d90bce52,1,0.557149247
61469c7bd40cbdf2d90bce53,1,0.478925243
61469c7bd40cbdf2d90bce54,1,0.47590009
61469c7cd40cbdf2d90bce55,1,0.450832466
61469c7cd40cbdf2d90bce56,1,0.499719652
61469c7cd40cbdf2d90bce57,1,0.483898275
61469c7cd40cbdf2d90bce58,1,0.516384597
61469c7cd40cbdf2d90bce59,1,0.437062773
61469c7cd40cbdf2d90bce5a,1,0.507886041
61469c7cd40cbdf2d90bce5b,1,0.408540788
61469c7cd40cbdf2d90bce5c,1,0.487664059
61469c7cd40cbdf2d90bce5d,1,0.495020273
61469c7cd40cbdf2d90bce5e,1,0.484502665
61469c7cd40cbdf2d90bce5f,1,0.48171807
61469c7cd40cbdf2d90bce60,1,0.496518597
61469c7cd40cbdf2d90bce61,1,0.468262349
61469c7cd40cbdf2d90bce62,1,0.436204006
61469c7cd40cbdf2d90bce63,1,0.53720741
61469c7cd40cbdf2d90bce64,1,0.488425456
61469c7cd40cbdf2d90bce65,1,0.509288336
61469c7cd40cbdf2d90bce66,1,0.471303809
61469c7cd40cbdf2d90bce67,1,0.502809429
61469c7cd40cbdf2d90bce68,1,0.501689462
61469c7cd40cbdf2d90bce69,1,0.422593801
61469c7cd40cbdf2d90bce6a,1,0.507587241
61469c7dd40cbdf2d90bce6b,1,0.463180782
61469c7dd40cbdf2d90bce6c,1,0.509018318
61469c7dd40cbdf2d90bce6d,1,0.461083457
61469c7dd40cbdf2d90bce6e,1,0.482474002
61469c7dd40cbdf2d90bce6f,1,0.499273118
61469c7dd40cbdf2d90bce70,1,0.434167241
61469c7dd40cbdf2d90bce71,1,0.441877908
61469c7dd40cbdf2d90bce72,1,0.517185364
61469c7dd40cbdf2d90bce73,1,0.501919066
61469c7dd40cbdf2d90bce74,1,0.459631932
61469c7dd40cbdf2d90bce75,1,0.503516379
61469c7dd40cbdf2d90bce76,1,0.477444015
61469c7dd40cbdf2d90bce77,1,0.4967933
61469c7dd40cbdf2d90bce78,1,0.469947618
61469c7dd40cbdf2d90bce79,1,0.505058314
61469c7dd40cbdf2d90bce7a,1,0.509519764
61469c7dd40cbdf2d90bce7b,1,0.5222755
61469c7dd40cbdf2d90bce7c,1,0.501091125
61469c7dd40cbdf2d90bce7d,1,0.47104872
61469c7dd40cbdf2d90bce7e,1,0.476576427
61469c7dd40cbdf2d90bce7f,1,0.516645735
61469c7dd40cbdf2d90bce80,1,0.444750567
61469c7dd40cbdf2d90bce81,1,0.50398613
61469c7ed40cbdf2d90bce82,1,0.529242825
61469c7ed40cbdf2d90bce83,1,0.474121744
61469c7ed40cbdf2d90bce84,1,0.482327887
61469c7ed40cbdf2d90bce85,1,0.443508261
61469c7ed40cbdf2d90bce86,1,0.62943838
61469c7ed40cbdf2d90bce87,1,0.474569
61469c7ed40cbdf2d90bce88,1,0.437264322
61469c7ed40cbdf2d90bce89,1,0.499388485
61469c7ed40cbdf2d90bce8a,1,0.577630013
61469c7ed40cbdf2d90bce8b,1,0.495158229
61469c7ed40cbdf2d90bce8c,1,0.479483368
61469c7ed40cbdf2d90bce8d,1,0.472263115
61469c7ed40cbdf2d90bce8e,1,0.499630072
61469c7ed40cbdf2d90bce8f,1,0.493589263
61469c7ed40cbdf2d90bce90,1,0.492910622
61469c7ed40cbdf2d90bce91,1,0.507695266
61469c7ed40cbdf2d90bce92,1,0.52457784
61469c7ed40cbdf2d90bce93,1,0.456435471
61469c7ed40cbdf2d90bce94,1,0.529918883
61469c7fd40cbdf2d90bce95,1,0.472477609
61469c7fd40cbdf2d90bce96,1,0.493273431
61469c7fd40cbdf2d90bce97,1,0.521492886
61469c81d40cbdf2d90bce98,1,0.470590395
61469c81d40cbdf2d90bce99,1,0.488384333
61469c81d40cbdf2d90bce9a,1,0.455733599
61469c81d40cbdf2d90bce9b,1,0.51276373
61469c81d40cbdf2d90bce9c,1,0.480972354
61469c81d40cbdf2d90bce9d,1,0.456628228
61469c81d40cbdf2d90bce9e,1,0.528162594
61469c81d40cbdf2d90bce9f,1,0.504807576
61469c81d40cbdf2d90bcea0,1,0.472550935
61469c81d40cbdf2d90bcea1,1,0.472241975
61469c81d40cbdf2d90bcea2,1,0.460050104
61469c81d40cbdf2d90bcea3,1,0.577196414
61469c81d40cbdf2d90bcea4,1,0.46703373
61469c81d40cbdf2d90bcea5,1,0.505403138
61469c81d40cbdf2d90bcea6,1,0.516342047
61469c81d40cbdf2d90bcea7,1,0.449777527
61469c81d40cbdf2d90bcea8,1,0.476529545
61469c81d40cbdf2d90bcea9,1,0.467022484
61469c81d40cbdf2d90bceaa,1,0.45825129
61469c81d40cbdf2d90bceab,1,0.446090677
61469c82d40cbdf2d90bceac,1,0.513703883
61469c82d40cbdf2d90bcead,1,0.594173493
61469c82d40cbdf2d90bceae,1,0.495166673
61469c82d40cbdf2d90bceaf,1,0.488205804
61469c82d40cbdf2d90bceb0,1,0.496841792
61469c82d40cbdf2d90bceb1,1,0.543524402
61469c82d40cbdf2d90bceb2,1,0.475122044
61469c82d40cbdf2d90bceb3,1,0.482737492
61469c82d40cbdf2d90bceb4,1,0.505934408
61469c82d40cbdf2d90bceb5,1,0.486173129
61469c82d40cbdf2d90bceb6,1,0.568843122
61469c82d40cbdf2d90bceb7,1,0.455030558
61469c82d40cbdf2d90bceb8,1,0.484673483
61469c83d40cbdf2d90bceb9,1,0.479751793
61469c83d40cbdf2d90bceba,1,0.506422581
61469c83d40cbdf2d90bcebb,1,0.543894997
61469c83d40cbdf2d90bcebc,1,0.507985984
61469c83d40cbdf2d90bcebd,1,0.443015769
61469c83d40cbdf2d90bcebe,1,0.479440388
61469c83d40cbdf2d90bcebf,1,0.526808556
61469c83d40cbdf2d90bcec0,1,0.482972986
61469c83d40cbdf2d90bcec1,1,0.546197387
61469c83d40cbdf2d90bcec2,1,0.544338209
61469c83d40cbdf2d90bcec3,1,0.503149775
61469c83d40cbdf2d90bcec4,1,0.443926933
61469c83d40cbdf2d90bcec5,1,0.470503383
61469c83d40cbdf2d90bcec6,1,0.51554898
61469c83d40cbdf2d90bcec7,1,0.513609938
61469c83d40cbdf2d90bcec8,1,0.545398393
61469c83d40cbdf2d90bcec9,1,0.531750966
61469c83d40cbdf2d90bceca,1,0.498704821
61469c83d40cbdf2d90bcecb,1,0.304098831
61469c84d40cbdf2d90bcecc,1,0.56924894
61469c84d40cbdf2d90bcecd,1,0.474240649
61469c84d40cbdf2d90bcece,1,0.478520704
61469c84d40cbdf2d90bcecf,1,0.477383692
61469c84d40cbdf2d90bced0,1,0.57945661
61469c84d40cbdf2d90bced1,1,0.492220939
61469c84d40cbdf2d90bced2,1,0.501056188
61469c84d40cbdf2d90bced3,1,0.515937835
61469c84d40cbdf2d90bced4,1,0.539269188
61469c84d40cbdf2d90bced5,1,0.541094092
61469c84d40cbdf2d90bced6,1,0.470955238
61469c84d40cbdf2d90bced7,1,0.523222695
61469c84d40cbdf2d90bced8,1,0.494404441
61469c84d40cbdf2d90bced9,1,0.448425182
61469c84d40cbdf2d90bceda,1,0.499022627
61469c85d40cbdf2d90bcedb,1,0.480725703
61469c85d40cbdf2d90bcedc,1,0.534991965
61469c85d40cbdf2d90bcedd,1,0.51985933
61469c85d40cbdf2d90bcede,1,0.514290941
61469c85d40cbdf2d90bcedf,1,0.448268524
61469c85d40cbdf2d90bcee0,1,0.516030112
61469c85d40cbdf2d90bcee1,1,0.202732554
61469c85d40cbdf2d90bcee2,1,0.482703762
61469c85d40cbdf2d90bcee3,1,0.451110266
61469c85d40cbdf2d90bcee4,1,0.472286674
61469c85d40cbdf2d90bcee5,1,0.492776457
61469c85d40cbdf2d90bcee6,1,0.486007624
61469c85d40cbdf2d90bcee7,1,0.49545292
61469c85d40cbdf2d90bcee8,1,0.454992866
61469c85d40cbdf2d90bcee9,1,0.54435457
61469c85d40cbdf2d90bceea,1,0.475381736
61469c85d40cbdf2d90bceeb,1,0.482719149
61469c85d40cbdf2d90bceec,1,0.522509456
61469c85d40cbdf2d90bceed,1,0.60755099
61469c85d40cbdf2d90bceee,1,0.460089389
61469c85d40cbdf2d90bceef,1,0.503191778
61469c85d40cbdf2d90bcef0,1,0.499434259
61469c85d40cbdf2d90bcef1,1,0.439601232
61469c85d40cbdf2d90bcef2,1,0.487855575
61469c86d40cbdf2d90bcef3,1,0.540093605
61469c86d40cbdf2d90bcef4,1,0.460405335
61469c86d40cbdf2d90bcef5,1,0.501726315
61469c86d40cbdf2d90bcef6,1,0.512889373
61469c86d40cbdf2d90bcef7,1,0.501102703
61469c86d40cbdf2d90bcef8,1,0.570215527
61469c86d40cbdf2d90bcef9,1,0.500704885
61469c86d40cbdf2d90bcefa,1,0.530674281
61469c86d40cbdf2d90bcefb,1,0.552751627
61469c86d40cbdf2d90bcefc,1,0.494526707
61469c86d40cbdf2d90bcefd,1,0.479203423
61469c86d40cbdf2d90bcefe,1,0.466648015
61469c86d40cbdf2d90bceff,1,0.497308169
61469c86d40cbdf2d90bcf00,1,0.528575866
61469c86d40cbdf2d90bcf01,1,0.469901335
61469c86d40cbdf2d90bcf02,1,0.500677077
61469c86d40cbdf2d90bcf03,1,0.550163521
61469c86d40cbdf2d90bcf04,1,0.501628885
61469c86d40cbdf2d90bcf05,1,0.491427344
61469c87d40cbdf2d90bcf06,1,0.472477609
61469c87d40cbdf2d90bcf07,1,0.472070449
61469c87d40cbdf2d90bcf08,1,0.579498751
61469c87d40cbdf2d90bcf09,1,0.517076079
61469c87d40cbdf2d90bcf0a,1,0.451492846
61469c87d40cbdf2d90bcf0b,1,0.510285213
61469c87d40cbdf2d90bcf0c,1,0.496500064
61469c87d40cbdf2d90bcf0d,1,0.517871022
61469c87d40cbdf2d90bcf0e,1,0.555953166
61469c87d40cbdf2d90bcf0f,1,0.468477976
61469c87d40cbdf2d90bcf10,1,0.466937794
61469c87d40cbdf2d90bcf11,1,0.480653996
61469c88d40cbdf2d90bcf12,1,0.486364962
61469c88d40cbdf2d90bcf13,1,0.477833502
61469c88d40cbdf2d90bcf14,1,0.460668924
61469c88d40cbdf2d90bcf15,1,0.524116078
61469c88d40cbdf2d90bcf16,1,0.465799237
61469c88d40cbdf2d90bcf17,1,0.517678285
61469c88d40cbdf2d90bcf18,1,0.513189824
61469c88d40cbdf2d90bcf19,1,0.512869395
61469c88d40cbdf2d90bcf1a,1,0.526603203
61469c88d40cbdf2d90bcf1b,1,0.500704885
61469c88d40cbdf2d90bcf1c,1,0.520542648
61469c88d40cbdf2d90bcf1d,1,0.491384589
61469c88d40cbdf2d90bcf1e,1,0.478460177
61469c88d40cbdf2d90bcf1f,1,0.473751136
61469c88d40cbdf2d90bcf20,1,0.469858314
61469c88d40cbdf2d90bcf21,1,0.479407845
61469c88d40cbdf2d90bcf22,1,0.461828015
61469c88d40cbdf2d90bcf23,1,0.484247847
61469c88d40cbdf2d90bcf24,1,0.514927525
61469c88d40cbdf2d90bcf25,1,0.461062592
61469c88d40cbdf2d90bcf26,1,0.46119165
61469c89d40cbdf2d90bcf27,1,0.459234682
61469c89d40cbdf2d90bcf28,1,0.443278464
61469c89d40cbdf2d90bcf29,1,0.481478296
61469c89d40cbdf2d90bcf2a,1,0.521442186
61469c89d40cbdf2d90bcf2b,1,0.470611515
61469c89d40cbdf2d90bcf2c,1,0.470518491
61469c89d40cbdf2d90bcf2d,1,0.434407989
61469c89d40cbdf2d90bcf2e,1,0.468350039
61469c89d40cbdf2d90bcf2f,1,0.48689801
61469c89d40cbdf2d90bcf30,1,0.529115337
61469c89d40cbdf2d90bcf31,1,0.552085081
61469c89d40cbdf2d90bcf32,1,0.478641514
61469c89d40cbdf2d90bcf33,1,0.442451911
61469c89d40cbdf2d90bcf34,1,0.515149664
61469c89d40cbdf2d90bcf35,1,0.490615645
61469c89d40cbdf2d90bcf36,1,0.485650493
61469c89d40cbdf2d90bcf37,1,0.479630623
61469c89d40cbdf2d90bcf38,1,0.495916683
61469c89d40cbdf2d90bcf39,1,0.515393708
61469c89d40cbdf2d90bcf3a,1,0.537909909
61469c89d40cbdf2d90bcf3b,1,0.496416115
61469c89d40cbdf2d90bcf3c,1,0.400679796
61469c89d40cbdf2d90bcf3d,1,0.444153188
61469c89d40cbdf2d90bcf3e,1,0.500374457
61469c8ad40cbdf2d90bcf3f,1,0.493510261
61469c8ad40cbdf2d90bcf40,1,0.547306216
61469c8ad40cbdf2d90bcf41,1,0.508374239
61469c8ad40cbdf2d90bcf42,1,0.470779689
61469c8ad40cbdf2d90bcf43,1,0.524115265
61469c8ad40cbdf2d90bcf44,1,0.521493003
61469c8ad40cbdf2d90bcf45,1,0.453435901
61469c8ad40cbdf2d90bcf46,1,0.520930909
61469c8ad40cbdf2d90bcf47,1,0.47881368
61469c8ad40cbdf2d90bcf48,1,0.476250541
61469c8ad40cbdf2d90bcf49,1,0.495302607
61469c8ad40cbdf2d90bcf4a,1,0.507332622
61469c8ad40cbdf2d90bcf4b,1,0.49342219
61469c8ad40cbdf2d90bcf4c,1,0.457246576
61469c8ad40cbdf2d90bcf4d,1,0.448534476
61469c8ad40cbdf2d90bcf4e,1,0.482551745
61469c8ad40cbdf2d90bcf4f,1,0.498555264
61469c8ad40cbdf2d90bcf50,1,0.618612597
61469c8ad40cbdf2d90bcf51,1,0.494974545
61469c8ad40cbdf2d90bcf52,1,0.482702999
61469c8ad40cbdf2d90bcf53,1,0.487611224
61469c8ad40cbdf2d90bcf54,1,0.488106296
61469c8ad40cbdf2d90bcf55,1,0.504945074
61469c8bd40cbdf2d90bcf56,1,0.439570815
61469c8bd40cbdf2d90bcf57,1,0.525751107
61469c8bd40cbdf2d90bcf58,1,0.485283152
61469c8bd40cbdf2d90bcf59,1,0.481542088
61469c8bd40cbdf2d90bcf5a,1,0.452846521
61469c8bd40cbdf2d90bcf5b,1,0.501972237
61469c8bd40cbdf2d90bcf5c,1,0.441386664
61469c8bd40cbdf2d90bcf5d,1,0.46879236
61469c8bd40cbdf2d90bcf5e,1,0.517134738
61469c8bd40cbdf2d90bcf5f,1,0.501592777
61469c8bd40cbdf2d90bcf60,1,0.47354981
61469c8bd40cbdf2d90bcf61,1,0.49226015
61469c8bd40cbdf2d90bcf62,1,0.541144143
61469c8bd40cbdf2d90bcf63,1,0.493129418
61469c8bd40cbdf2d90bcf64,1,0.503831467
61469c8bd40cbdf2d90bcf65,1,0.456848207
61469c8bd40cbdf2d90bcf66,1,0.520790807
61469c8bd40cbdf2d90bcf67,1,0.601918235
61469c8bd40cbdf2d90bcf68,1,0.529078634
61469c8bd40cbdf2d90bcf69,1,0.525964259
61469c8bd40cbdf2d90bcf6a,1,0.490938129
61469c8cd40cbdf2d90bcf6b,1,0.472477609
61469c8cd40cbdf2d90bcf6c,1,0.542070371
61469c8cd40cbdf2d90bcf6d,1,0.479986746
61469c8cd40cbdf2d90bcf6e,1,0.452447143
61469c8cd40cbdf2d90bcf6f,1,0.46036641
61469c8cd40cbdf2d90bcf70,1,0.446980378
61469c8cd40cbdf2d90bcf71,1,0.497264274
61469c8cd40cbdf2d90bcf72,1,0.492195865
61469c8cd40cbdf2d90bcf73,1,0.468024311
61469c8cd40cbdf2d90bcf74,1,0.492470515
61469c8cd40cbdf2d90bcf75,1,0.448667736
61469c8dd40cbdf2d90bcf76,1,0.489545746
61469c8dd40cbdf2d90bcf77,1,0.51370267
61469c8dd40cbdf2d90bcf78,1,0.448791364
61469c8dd40cbdf2d90bcf79,1,0.516353331
61469c8dd40cbdf2d90bcf7a,1,0.521883181
61469c8dd40cbdf2d90bcf7b,1,0.483783658
61469c8dd40cbdf2d90bcf7c,1,0.467364445
61469c8dd40cbdf2d90bcf7d,1,0.42717267
61469c8dd40cbdf2d90bcf7e,1,0.490513936
61469c8dd40cbdf2d90bcf7f,1,0.475424322
61469c8dd40cbdf2d90bcf80,1,0.536297819
61469c8dd40cbdf2d90bcf81,1,0.508375439
61469c8dd40cbdf2d90bcf82,1,0.528444096
61469c8dd40cbdf2d90bcf83,1,0.494800335
61469c8dd40cbdf2d90bcf84,1,0.545956267
61469c8dd40cbdf2d90bcf85,1,0.536437308
61469c8dd40cbdf2d90bcf86,1,0.477709188
61469c8dd40cbdf2d90bcf87,1,0.497056556
61469c8dd40cbdf2d90bcf88,1,0.530245236
61469c8dd40cbdf2d90bcf89,1,0.466715752
61469c8dd40cbdf2d90bcf8a,1,0.48862521
61469c8ed40cbdf2d90bcf8b,1,0.452194726
61469c8ed40cbdf2d90bcf8c,1,0.518105702
61469c8ed40cbdf2d90bcf8d,1,0.459522056
61469c8ed40cbdf2d90bcf8e,1,0.504118966
61469c8ed40cbdf2d90bcf8f,1,0.480808485
61469c8ed40cbdf2d90bcf90,1,0.43074324
61469c8ed40cbdf2d90bcf91,1,0.521242922
61469c8ed40cbdf2d90bcf92,1,0.467251209
61469c8ed40cbdf2d90bcf93,1,0.451342985
61469c8ed40cbdf2d90bcf94,1,0.481076378
61469c8ed40cbdf2d90bcf95,1,0.499045253
61469c8ed40cbdf2d90bcf96,1,0.486947899
61469c8ed40cbdf2d90bcf97,1,0.448073481
61469c8ed40cbdf2d90bcf98,1,0.497671222
61469c8ed40cbdf2d90bcf99,1,0.451241535
61469c8ed40cbdf2d90bcf9a,1,0.500150775
61469c8ed40cbdf2d90bcf9b,1,0.495221353
61469c8ed40cbdf2d90bcf9c,1,0.470268553
61469c8fd40cbdf2d90bcf9d,1,0.513703883
61469c8fd40cbdf2d90bcf9e,1,0.483928964
61469c8fd40cbdf2d90bcf9f,1,0.437247883
61469c8fd40cbdf2d90bcfa0,1,0.513719943
61469c8fd40cbdf2d90bcfa1,1,0.562737054
61469c8fd40cbdf2d90bcfa2,1,0.518066618
61469c8fd40cbdf2d90bcfa3,1,0.450097162
61469c8fd40cbdf2d90bcfa4,1,0.439443487
61469c8fd40cbdf2d90bcfa5,1,0.540985487
61469c8fd40cbdf2d90bcfa6,1,0.588876136
61469c8fd40cbdf2d90bcfa7,1,0.459743923
61469c8fd40cbdf2d90bcfa8,1,0.47225144
61469c8fd40cbdf2d90bcfa9,1,0.454922323
61469c8fd40cbdf2d90bcfaa,1,0.470794685
61469c8fd40cbdf2d90bcfab,1,0.427157662
61469c8fd40cbdf2d90bcfac,1,0.510259444
61469c8fd40cbdf2d90bcfad,1,0.408540788
61469c8fd40cbdf2d90bcfae,1,0.419614828
61469c8fd40cbdf2d90bcfaf,1,0.438359037
61469c8fd40cbdf2d90bcfb0,1,0.483484452
61469c8fd40cbdf2d90bcfb1,1,0.612477702
61469c8fd40cbdf2d90bcfb2,1,0.469581926
61469c8fd40cbdf2d90bcfb3,1,0.439723866
61469c8fd40cbdf2d90bcfb4,1,0.407817099
61469c8fd40cbdf2d90bcfb5,1,0.479902552
61469c8fd40cbdf2d90bcfb6,1,0.511205417
61469c8fd40cbdf2d90bcfb7,1,0.61556951
61469c90d40cbdf2d90bcfb8,1,0.550485991
61469c90d40cbdf2d90bcfb9,1,0.54566747
61469c90d40cbdf2d90bcfba,1,0.539210921
61469c90d40cbdf2d90bcfbb,1,0.479620262
61469c90d40cbdf2d90bcfbc,1,0.452057963
61469c90d40cbdf2d90bcfbd,1,0.469753992
61469c90d40cbdf2d90bcfbe,1,0.532095253
61469c90d40cbdf2d90bcfbf,1,0.473330367
61469c90d40cbdf2d90bcfc0,1,0.510808967
61469c90d40cbdf2d90bcfc1,1,0.57054764
61469c90d40cbdf2d90bcfc2,1,0.461510156
61469c90d40cbdf2d90bcfc3,1,0.433855298
61469c90d40cbdf2d90bcfc4,1,0.499851549
61469c90d40cbdf2d90bcfc5,1,0.513966348
61469c90d40cbdf2d90bcfc6,1,0.513507863
61469c90d40cbdf2d90bcfc7,1,0.626183226
61469c90d40cbdf2d90bcfc8,1,0.508641072
61469c90d40cbdf2d90bcfc9,1,0.498983543
61469c90d40cbdf2d90bcfca,1,0.550703273
61469c90d40cbdf2d90bcfcb,1,0.441279133
61469c90d40cbdf2d90bcfcc,1,0.449847759
61469c90d40cbdf2d90bcfcd,1,0.503449535
61469c91d40cbdf2d90bcfce,1,0.555791192
61469c91d40cbdf2d90bcfcf,1,0.543620391
61469c91d40cbdf2d90bcfd0,1,0.471446989
61469c91d40cbdf2d90bcfd1,1,0.535123551
61469c91d40cbdf2d90bcfd2,1,0.419696407
61469c91d40cbdf2d90bcfd3,1,0.743915797
61469c91d40cbdf2d90bcfd4,1,0.484252257
61469c91d40cbdf2d90bcfd5,1,0.484540314
61469c91d40cbdf2d90bcfd6,1,0.408540788
61469c92d40cbdf2d90bcfd7,1,0.601791824
61469c92d40cbdf2d90bcfd8,1,0.486520829
61469c92d40cbdf2d90bcfd9,1,0.453339807
61469c92d40cbdf2d90bcfda,1,0.496172553
61469c92d40cbdf2d90bcfdb,1,0.465553626
61469c92d40cbdf2d90bcfdc,1,0.445395939
61469c92d40cbdf2d90bcfdd,1,0.489545746
61469c92d40cbdf2d90bcfde,1,0.472344362
61469c92d40cbdf2d90bcfdf,1,0.503472821
61469c93d40cbdf2d90bcfe0,1,0.487929294
61469c93d40cbdf2d90bcfe1,1,0.508218964
61469c93d40cbdf2d90bcfe2,1,0.478225847
61469c93d40cbdf2d90bcfe3,1,0.513703883
61469c93d40cbdf2d90bcfe4,1,0.56924894
61469c93d40cbdf2d90bcfe5,1,0.513434441
61469c93d40cbdf2d90bcfe6,1,0.501645623
61469c93d40cbdf2d90bcfe7,1,0.499562116
61469c93d40cbdf2d90bcfe8,1,0.466454205
61469c94d40cbdf2d90bcfe9,1,0.532506354
61469c94d40cbdf2d90bcfea,1,0.33788759
61469c94d40cbdf2d90bcfeb,1,0.463363588
61469c94d40cbdf2d90bcfec,1,0.534001602
61469c94d40cbdf2d90bcfed,1,0.407282555
61469c94d40cbdf2d90bcfee,1,0.515700827
61469c94d40cbdf2d90bcfef,1,0.510259444
61469c94d40cbdf2d90bcff0,1,0.458823475
61469c94d40cbdf2d90bcff1,1,0.505924881
61469c94d40cbdf2d90bcff2,1,0.438159996
61469c94d40cbdf2d90bcff3,1,0.480838724
61469c94d40cbdf2d90bcff4,1,0.578606048
61469c95d40cbdf2d90bcff5,1,0.414175106
61469c95d40cbdf2d90bcff6,1,0.455924972
61469c95d40cbdf2d90bcff7,1,0.569383274
61469c95d40cbdf2d90bcff8,1,0.547149411
61469c95d40cbdf2d90bcff9,1,0.47475263
61469c95d40cbdf2d90bcffa,1,0.448331126
61469c95d40cbdf2d90bcffb,1,0.504639829
61469c95d40cbdf2d90bcffc,1,0.439674215
61469c95d40cbdf2d90bcffd,1,0.543816174
61469c95d40cbdf2d90bcffe,1,0.430478743
61469c95d40cbdf2d90bcfff,1,0.582236342
61469c95d40cbdf2d90bd000,1,0.460081998
61469c95d40cbdf2d90bd001,1,0.45544741
61469c95d40cbdf2d90bd002,1,0.47825476
61469c95d40cbdf2d90bd003,1,0.426462106
61469c95d40cbdf2d90bd004,1,0.495015851
61469c95d40cbdf2d90bd005,1,0.450379537
61469c95d40cbdf2d90bd006,1,0.508536729
61469c95d40cbdf2d90bd007,1,0.460349728
61469c95d40cbdf2d90bd008,1,0.54450331
61469c95d40cbdf2d90bd009,1,0.460094788
61469c95d40cbdf2d90bd00a,1,0.565088713
61469c95d40cbdf2d90bd00b,1,0.407817099
61469c96d40cbdf2d90bd00c,1,0.520083911
61469c96d40cbdf2d90bd00d,1,0.526808556
61469c96d40cbdf2d90bd00e,1,0.492189134
61469c96d40cbdf2d90bd00f,1,0.571909351
61469c96d40cbdf2d90bd010,1,0.45877933
61469c96d40cbdf2d90bd011,1,0.503362955
61469c96d40cbdf2d90bd012,1,0.613084216
61469c96d40cbdf2d90bd013,1,0.534446139
61469c96d40cbdf2d90bd014,1,0.52927636
61469c97d40cbdf2d90bd015,1,0.489545746
61469c97d40cbdf2d90bd016,1,0.510013061
61469c97d40cbdf2d90bd017,1,0.472904659
61469c97d40cbdf2d90bd018,1,0.539570928
61469c97d40cbdf2d90bd019,1,0.533030936
61469c97d40cbdf2d90bd01a,1,0.512246358
61469c97d40cbdf2d90bd01b,1,0.506825873
61469c97d40cbdf2d90bd01c,1,0.491926268
61469c97d40cbdf2d90bd01d,1,0.51282324
61469c97d40cbdf2d90bd01e,1,0.533735708
61469c97d40cbdf2d90bd01f,1,0.501792953
61469c97d40cbdf2d90bd020,1,0.55061164
61469c97d40cbdf2d90bd021,1,0.467330561
61469c97d40cbdf2d90bd022,1,0.566521333
61469c97d40cbdf2d90bd023,1,0.442135729
61469c97d40cbdf2d90bd024,1,0.454557379
61469c97d40cbdf2d90bd025,1,0.49127866
61469c97d40cbdf2d90bd026,1,0.510311085
61469c97d40cbdf2d90bd027,1,0.509129712
61469c97d40cbdf2d90bd028,1,0.565542308
61469c98d40cbdf2d90bd029,1,0.51704696
61469c98d40cbdf2d90bd02a,1,0.444864094
61469c98d40cbdf2d90bd02b,1,0.504922276
61469c98d40cbdf2d90bd02c,1,0.487998372
61469c98d40cbdf2d90bd02d,1,0.517575901
61469c98d40cbdf2d90bd02e,1,0.440859574
61469c98d40cbdf2d90bd02f,1,0.442609408
61469c98d40cbdf2d90bd030,1,0.498306057
61469c98d40cbdf2d90bd031,1,0.454183029
61469c98d40cbdf2d90bd032,1,0.476428319
61469c98d40cbdf2d90bd033,1,0.508498301
61469c98d40cbdf2d90bd034,1,0.513283585
61469c98d40cbdf2d90bd035,1,0.455884215
61469c98d40cbdf2d90bd036,1,0.46586978
61469c98d40cbdf2d90bd037,1,0.55550343
61469c98d40cbdf2d90bd038,1,0.49295108
61469c98d40cbdf2d90bd039,1,0.561094271
61469c98d40cbdf2d90bd03a,1,0.460086082
61469c98d40cbdf2d90bd03b,1,0.486146183
61469c98d40cbdf2d90bd03c,1,0.519566021
61469c98d40cbdf2d90bd03d,1,0.476741577
61469c98d40cbdf2d90bd03e,1,0.473773448
61469c98d40cbdf2d90bd03f,1,0.45726825
61469c98d40cbdf2d90bd040,1,0.492649112
61469c98d40cbdf2d90bd041,1,0.522308297
61469c98d40cbdf2d90bd042,1,0.512148783
61469c98d40cbdf2d90bd043,1,0.456564358
61469c98d40cbdf2d90bd044,1,0.481580633
61469c99d40cbdf2d90bd045,1,0.493273431
61469c99d40cbdf2d90bd046,1,0.488728839
61469c99d40cbdf2d90bd047,1,0.481917339
61469c99d40cbdf2d90bd048,1,0.535616676
61469c99d40cbdf2d90bd049,1,0.521191106
61469c99d40cbdf2d90bd04a,1,0.507080057
61469c99d40cbdf2d90bd04b,1,0.525707911
61469c99d40cbdf2d90bd04c,1,0.431439368
61469c99d40cbdf2d90bd04d,1,0.469120454
61469c99d40cbdf2d90bd04e,1,0.490307308
61469c99d40cbdf2d90bd04f,1,0.42222497
61469c99d40cbdf2d90bd050,1,0.464903345
61469c99d40cbdf2d90bd051,1,0.588162166
61469c99d40cbdf2d90bd052,1,0.537686054
61469c99d40cbdf2d90bd053,1,0.461225607
61469c99d40cbdf2d90bd054,1,0.509772576
61469c99d40cbdf2d90bd055,1,0.489582962
61469c99d40cbdf2d90bd056,1,0.430874131
61469c99d40cbdf2d90bd057,1,0.462716797
61469c99d40cbdf2d90bd058,1,0.485388234
61469c9ad40cbdf2d90bd059,1,0.431780241
61469c9ad40cbdf2d90bd05a,1,0.464809826
61469c9ad40cbdf2d90bd05b,1,0.454832275
61469c9ad40cbdf2d90bd05c,1,0.49586249
61469c9ad40cbdf2d90bd05d,1,0.550532857
61469c9ad40cbdf2d90bd05e,1,0.459811484
61469c9ad40cbdf2d90bd05f,1,0.541488362
61469c9ad40cbdf2d90bd060,1,0.418795373
61469c9ad40cbdf2d90bd061,1,0.486650378
61469c9ad40cbdf2d90bd062,1,0.493492077
61469c9ad40cbdf2d90bd063,1,0.525732743
61469c9bd40cbdf2d90bd064,1,0.673733653
61469c9bd40cbdf2d90bd065,1,0.500410721
61469c9bd40cbdf2d90bd066,1,0.419747535
61469c9bd40cbdf2d90bd067,1,0.463585246
61469c9bd40cbdf2d90bd068,1,0.521535019
61469c9bd40cbdf2d90bd069,1,0.563880526
61469c9bd40cbdf2d90bd06a,1,0.445104359
61469c9bd40cbdf2d90bd06b,1,0.495748056
61469c9bd40cbdf2d90bd06c,1,0.557800234
61469c9bd40cbdf2d90bd06d,1,0.501124119
61469c9bd40cbdf2d90bd06e,1,0.464654837
61469c9bd40cbdf2d90bd06f,1,0.474422893
61469c9bd40cbdf2d90bd070,1,0.474111296
61469c9bd40cbdf2d90bd071,1,0.466282168
61469c9bd40cbdf2d90bd072,1,0.441778518
61469c9bd40cbdf2d90bd073,1,0.526058856
61469c9bd40cbdf2d90bd074,1,0.480016818
61469c9bd40cbdf2d90bd075,1,0.506081666
61469c9bd40cbdf2d90bd076,1,0.465917369
61469c9bd40cbdf2d90bd077,1,0.467733378
61469c9cd40cbdf2d90bd078,1,0.510020652
61469c9cd40cbdf2d90bd079,1,0.471545779
61469c9cd40cbdf2d90bd07a,1,0.468615341
61469c9cd40cbdf2d90bd07b,1,0.46363135
61469c9cd40cbdf2d90bd07c,1,0.524913301
61469c9cd40cbdf2d90bd07d,1,0.480569902
61469c9cd40cbdf2d90bd07e,1,0.497207699
61469c9cd40cbdf2d90bd07f,1,0.466722976
61469c9cd40cbdf2d90bd080,1,0.675874632
61469c9cd40cbdf2d90bd081,1,0.475275228
61469c9cd40cbdf2d90bd082,1,0.468146934
61469c9cd40cbdf2d90bd083,1,0.486046527
61469c9cd40cbdf2d90bd084,1,0.556568799
61469c9cd40cbdf2d90bd085,1,0.484320418
61469c9cd40cbdf2d90bd086,1,0.486359581
61469c9cd40cbdf2d90bd087,1,0.431185086
61469c9cd40cbdf2d90bd088,1,0.532702471
61469c9cd40cbdf2d90bd089,1,0.550649603
61469c9cd40cbdf2d90bd08a,1,0.449423177
61469c9dd40cbdf2d90bd08b,1,0.46703373
61469c9dd40cbdf2d90bd08c,1,0.478522832
61469c9dd40cbdf2d90bd08d,1,0.461494376
61469c9dd40cbdf2d90bd08e,1,0.489756137
61469c9dd40cbdf2d90bd08f,1,0.538725465
61469c9dd40cbdf2d90bd090,1,0.477186949
61469c9dd40cbdf2d90bd091,1,0.508525317
61469c9dd40cbdf2d90bd092,1,0.507136188
61469c9dd40cbdf2d90bd093,1,0.454080288
61469c9dd40cbdf2d90bd094,1,0.56924894
61469c9dd40cbdf2d90bd095,1,0.45829642
61469c9dd40cbdf2d90bd096,1,0.492206391
61469c9dd40cbdf2d90bd097,1,0.57260916
61469c9dd40cbdf2d90bd098,1,0.495060169
61469c9dd40cbdf2d90bd099,1,0.488233006
61469c9dd40cbdf2d90bd09a,1,0.50652461
61469c9dd40cbdf2d90bd09b,1,0.432468001
61469c9dd40cbdf2d90bd09c,1,0.520931107
61469c9dd40cbdf2d90bd09d,1,0.45241079
61469c9dd40cbdf2d90bd09e,1,0.504715953
61469c9dd40cbdf2d90bd09f,1,0.508732504
61469c9ed40cbdf2d90bd0a0,1,0.536045041
61469c9ed40cbdf2d90bd0a1,1,0.483957786
61469c9ed40cbdf2d90bd0a2,1,0.466022645
61469c9ed40cbdf2d90bd0a3,1,0.530299715
61469c9ed40cbdf2d90bd0a4,1,0.478858039
61469c9ed40cbdf2d90bd0a5,1,0.495396534
61469c9ed40cbdf2d90bd0a6,1,0.465509402
61469c9ed40cbdf2d90bd0a7,1,0.514133323
61469c9ed40cbdf2d90bd0a8,1,0.437804404
61469c9ed40cbdf2d90bd0a9,1,0.449971614
61469c9ed40cbdf2d90bd0aa,1,0.544120928
61469c9ed40cbdf2d90bd0ab,1,0.513948818
61469c9ed40cbdf2d90bd0ac,1,0.503286461
61469c9ed40cbdf2d90bd0ad,1,0.516230108
61469c9ed40cbdf2d90bd0ae,1,0.515574036
61469c9ed40cbdf2d90bd0af,1,0.480375234
61469c9ed40cbdf2d90bd0b0,1,0.509107681
61469c9ed40cbdf2d90bd0b1,1,0.439273092
61469c9ed40cbdf2d90bd0b2,1,0.547559712
61469c9ed40cbdf2d90bd0b3,1,0.44008178
61469c9ed40cbdf2d90bd0b4,1,0.46680586
61469c9ed40cbdf2d90bd0b5,1,0.546703272
61469c9ed40cbdf2d90bd0b6,1,0.493250413
61469c9ed40cbdf2d90bd0b7,1,0.500238426
61469c9ed40cbdf2d90bd0b8,1,0.468457075
61469c9ed40cbdf2d90bd0b9,1,0.496433911
61469c9fd40cbdf2d90bd0ba,1,0.4868265
61469c9fd40cbdf2d90bd0bb,1,0.551804278
61469c9fd40cbdf2d90bd0bc,1,0.492151547
61469c9fd40cbdf2d90bd0bd,1,0.471756351
61469c9fd40cbdf2d90bd0be,1,0.631455968
61469c9fd40cbdf2d90bd0bf,1,0.465853937
61469ca0d40cbdf2d90bd0c0,1,0.530128103
61469ca0d40cbdf2d90bd0c1,1,0.513703883
61469ca0d40cbdf2d90bd0c2,1,0.539340916
61469ca0d40cbdf2d90bd0c3,1,0.547804154
61469ca0d40cbdf2d90bd0c4,1,0.458420653
61469ca0d40cbdf2d90bd0c5,1,0.439921979
61469ca0d40cbdf2d90bd0c6,1,0.492030055
61469ca0d40cbdf2d90bd0c7,1,0.550344093
61469ca0d40cbdf2d90bd0c8,1,0.470718745
61469ca0d40cbdf2d90bd0c9,1,0.447958142
61469ca0d40cbdf2d90bd0ca,1,0.485883881
61469ca1d40cbdf2d90bd0cb,1,0.49144463
61469ca1d40cbdf2d90bd0cc,1,0.490995002
61469ca1d40cbdf2d90bd0cd,1,0.510159576
61469ca1d40cbdf2d90bd0ce,1,0.49176021
61469ca1d40cbdf2d90bd0cf,1,0.493564994
61469ca1d40cbdf2d90bd0d0,1,0.500412343
61469ca1d40cbdf2d90bd0d1,1,0.527121219
61469ca1d40cbdf2d90bd0d2,1,0.569414379
61469ca1d40cbdf2d90bd0d3,1,0.465888629
61469ca1d40cbdf2d90bd0d4,1,0.477466715
61469ca1d40cbdf2d90bd0d5,1,0.498999319
61469ca1d40cbdf2d90bd0d6,1,0.498019984
61469ca1d40cbdf2d90bd0d7,1,0.487719185
61469ca1d40cbdf2d90bd0d8,1,0.416946691
61469ca1d40cbdf2d90bd0d9,1,0.53514179
61469ca1d40cbdf2d90bd0da,1,0.43090478
61469ca1d40cbdf2d90bd0db,1,0.481995579
61469ca2d40cbdf2d90bd0dc,1,0.601791824
61469ca2d40cbdf2d90bd0dd,1,0.476016927
61469ca2d40cbdf2d90bd0de,1,0.472186714
61469ca2d40cbdf2d90bd0df,1,0.557206352
61469ca2d40cbdf2d90bd0e0,1,0.495659061
61469ca2d40cbdf2d90bd0e1,1,0.459503805
61469ca2d40cbdf2d90bd0e2,1,0.500450345
61469ca2d40cbdf2d90bd0e3,1,0.528620022
61469ca2d40cbdf2d90bd0e4,1,0.437695528
61469ca2d40cbdf2d90bd0e5,1,0.567628918
61469ca2d40cbdf2d90bd0e6,1,0.431177016
61469ca2d40cbdf2d90bd0e7,1,0.452690269
61469ca2d40cbdf2d90bd0e8,1,0.485608196
61469ca2d40cbdf2d90bd0e9,1,0.535811577
61469ca2d40cbdf2d90bd0ea,1,0.447674613
61469ca3d40cbdf2d90bd0eb,1,0.538840263
61469ca3d40cbdf2d90bd0ec,1,0.477182868
61469ca3d40cbdf2d90bd0ed,1,0.574503626
61469ca3d40cbdf2d90bd0ee,1,0.52587653
61469ca3d40cbdf2d90bd0ef,1,0.521339434
61469ca3d40cbdf2d90bd0f0,1,0.455570489
61469ca3d40cbdf2d90bd0f1,1,0.487042374
61469ca3d40cbdf2d90bd0f2,1,0.472222307
61469ca3d40cbdf2d90bd0f3,1,0.493376745
61469ca3d40cbdf2d90bd0f4,1,0.504816912
61469ca3d40cbdf2d90bd0f5,1,0.468962112
61469ca3d40cbdf2d90bd0f6,1,0.43540549
61469ca3d40cbdf2d90bd0f7,1,0.562175097
61469ca3d40cbdf2d90bd0f8,1,0.465561833
61469ca3d40cbdf2d90bd0f9,1,0.54777122
61469ca3d40cbdf2d90bd0fa,1,0.511308746
61469ca3d40cbdf2d90bd0fb,1,0.490038768
61469ca3d40cbdf2d90bd0fc,1,0.487934186
61469ca3d40cbdf2d90bd0fd,1,0.468555075
61469ca3d40cbdf2d90bd0fe,1,0.491017584
61469ca3d40cbdf2d90bd0ff,1,0.486823176
61469ca3d40cbdf2d90bd100,1,0.506136473
61469ca4d40cbdf2d90bd101,1,0.469529591
61469ca4d40cbdf2d90bd102,1,0.457734221
61469ca4d40cbdf2d90bd103,1,0.55563995
61469ca4d40cbdf2d90bd104,1,0.537692132
61469ca4d40cbdf2d90bd105,1,0.461362789
61469ca4d40cbdf2d90bd106,1,0.486360629
61469ca4d40cbdf2d90bd107,1,0.449118058
61469ca4d40cbdf2d90bd108,1,0.48612729
61469ca6d40cbdf2d90bd109,1,0.561016716
61469ca6d40cbdf2d90bd10a,1,0.499494623
61469ca6d40cbdf2d90bd10b,1,0.471845116
61469ca6d40cbdf2d90bd10c,1,0.501936686
61469ca6d40cbdf2d90bd10d,1,0.48221989
61469ca6d40cbdf2d90bd10e,1,0.538680929
61469ca6d40cbdf2d90bd10f,1,0.545848968
61469ca7d40cbdf2d90bd110,1,0.44837861
61469ca7d40cbdf2d90bd111,1,0.702314242
61469ca7d40cbdf2d90bd112,1,0.459520386
61469ca7d40cbdf2d90bd113,1,0.487803092
61469ca7d40cbdf2d90bd114,1,0.524205529
61469ca7d40cbdf2d90bd115,1,0.532734719
61469ca7d40cbdf2d90bd116,1,0.510846922
61469ca7d40cbdf2d90bd117,1,0.516458824
61469ca7d40cbdf2d90bd118,1,0.496087103
61469ca7d40cbdf2d90bd119,1,0.4755441
61469ca7d40cbdf2d90bd11a,1,0.439399082
61469ca8d40cbdf2d90bd11b,1,0.591128469
61469ca8d40cbdf2d90bd11c,1,0.470137548
61469ca8d40cbdf2d90bd11d,1,0.452129668
61469ca8d40cbdf2d90bd11e,1,0.545956267
61469ca9d40cbdf2d90bd11f,1,0.553806845
61469ca9d40cbdf2d90bd120,1,0.476673345
61469ca9d40cbdf2d90bd121,1,0.518500444
61469ca9d40cbdf2d90bd122,1,0.503137466
61469ca9d40cbdf2d90bd123,1,0.501641148
61469ca9d40cbdf2d90bd124,1,0.456169678
61469ca9d40cbdf2d90bd125,1,0.505511614
61469ca9d40cbdf2d90bd126,1,0.511244732
61469ca9d40cbdf2d90bd127,1,0.514666525
61469ca9d40cbdf2d90bd128,1,0.422577558
61469ca9d40cbdf2d90bd129,1,0.59402939
61469ca9d40cbdf2d90bd12a,1,0.457324906
61469ca9d40cbdf2d90bd12b,1,0.532307653
61469ca9d40cbdf2d90bd12c,1,0.529471396
61469ca9d40cbdf2d90bd12d,1,0.481451261
61469ca9d40cbdf2d90bd12e,1,0.501127288
61469ca9d40cbdf2d90bd12f,1,0.447103215
61469ca9d40cbdf2d90bd130,1,0.530027267
61469ca9d40cbdf2d90bd131,1,0.564237043
61469ca9d40cbdf2d90bd132,1,0.53987419
61469ca9d40cbdf2d90bd133,1,0.641010604
61469ca9d40cbdf2d90bd134,1,0.506458288
61469ca9d40cbdf2d90bd135,1,0.500256339
61469ca9d40cbdf2d90bd136,1,0.491932193
61469caad40cbdf2d90bd137,1,0.500821608
61469caad40cbdf2d90bd138,1,0.500002616
61469caad40cbdf2d90bd139,1,0.460713066
61469caad40cbdf2d90bd13a,1,0.51012543
61469caad40cbdf2d90bd13b,1,0.516470503
61469caad40cbdf2d90bd13c,1,0.490908354
61469caad40cbdf2d90bd13d,1,0.45730496
61469caad40cbdf2d90bd13e,1,0.457067541
61469caad40cbdf2d90bd13f,1,0.459213811
61469caad40cbdf2d90bd140,1,0.56994364
61469caad40cbdf2d90bd141,1,0.510450156
61469caad40cbdf2d90bd142,1,0.562989777
61469caad40cbdf2d90bd143,1,0.540989708
61469caad40cbdf2d90bd144,1,0.502221955
61469caad40cbdf2d90bd145,1,0.537498724
61469caad40cbdf2d90bd146,1,0.516947956
61469caad40cbdf2d90bd147,1,0.491188858
61469caad40cbdf2d90bd148,1,0.51042207
61469caad40cbdf2d90bd149,1,0.496064459
61469caad40cbdf2d90bd14a,1,0.525926698
61469caad40cbdf2d90bd14b,1,0.490137404
61469cabd40cbdf2d90bd14c,1,0.54668657
61469cabd40cbdf2d90bd14d,1,0.489545746
61469cabd40cbdf2d90bd14e,1,0.476086487
61469cabd40cbdf2d90bd14f,1,0.521066254
61469cabd40cbdf2d90bd150,1,0.506995416
61469cabd40cbdf2d90bd151,1,0.506421208
61469cabd40cbdf2d90bd152,1,0.505843497
61469cabd40cbdf2d90bd153,1,0.493736499
61469cabd40cbdf2d90bd154,1,0.545014321
61469cabd40cbdf2d90bd155,1,0.459094347
61469cabd40cbdf2d90bd156,1,0.523868716
61469cacd40cbdf2d90bd157,1,0.466576778
61469cacd40cbdf2d90bd158,1,0.499046224
61469cacd40cbdf2d90bd159,1,0.504994819
61469cacd40cbdf2d90bd15a,1,0.46796016
61469cacd40cbdf2d90bd15b,1,0.492739395
61469cacd40cbdf2d90bd15c,1,0.480280303
61469cacd40cbdf2d90bd15d,1,0.551213872
61469cacd40cbdf2d90bd15e,1,0.466130124
61469cacd40cbdf2d90bd15f,1,0.566053034
61469cacd40cbdf2d90bd160,1,0.502622634
61469cacd40cbdf2d90bd161,1,0.491442648
61469cacd40cbdf2d90bd162,1,0.537467286
61469cacd40cbdf2d90bd163,1,0.441768808
61469cacd40cbdf2d90bd164,1,0.504371562
61469cacd40cbdf2d90bd165,1,0.493251005
61469cacd40cbdf2d90bd166,1,0.46703373
61469cadd40cbdf2d90bd167,1,0.631248156
61469cadd40cbdf2d90bd168,1,0.506917112
61469caed40cbdf2d90bd169,1,0.589101684
61469caed40cbdf2d90bd16a,1,0.47210319
61469caed40cbdf2d90bd16b,1,0.500965558
61469caed40cbdf2d90bd16c,1,0.533512758
61469caed40cbdf2d90bd16d,1,0.473426314
61469caed40cbdf2d90bd16e,1,0.536778965
61469caed40cbdf2d90bd16f,1,0.535500936
61469caed40cbdf2d90bd170,1,0.468006845
61469caed40cbdf2d90bd171,1,0.549551376
61469caed40cbdf2d90bd172,1,0.496403965
61469cafd40cbdf2d90bd173,1,0.601791824
61469cafd40cbdf2d90bd174,1,0.451219692
61469cafd40cbdf2d90bd175,1,0.486252922
61469cafd40cbdf2d90bd176,1,0.624658178
61469cafd40cbdf2d90bd177,1,0.444388426
61469cafd40cbdf2d90bd178,1,0.478036972
61469cb0d40cbdf2d90bd179,1,0.508162522
61469cb0d40cbdf2d90bd17a,1,0.498916004
61469cb0d40cbdf2d90bd17b,1,0.526088546
61469cb0d40cbdf2d90bd17c,1,0.486563895
61469cb0d40cbdf2d90bd17d,1,0.492556864
61469cb0d40cbdf2d90bd17e,1,0.538922167
61469cb0d40cbdf2d90bd17f,1,0.478432947
61469cb0d40cbdf2d90bd180,1,0.486991366
61469cb0d40cbdf2d90bd181,1,0.491048059
61469cb0d40cbdf2d90bd182,1,0.430674012
61469cb0d40cbdf2d90bd183,1,0.462388666
61469cb0d40cbdf2d90bd184,1,0.614784303
61469cb2d40cbdf2d90bd185,1,0.668260839
61469cb2d40cbdf2d90bd186,1,0.51605609
61469cb2d40cbdf2d90bd187,1,0.475367885
61469cb2d40cbdf2d90bd188,1,0.427053408
61469cb2d40cbdf2d90bd189,1,0.486906018
61469cb2d40cbdf2d90bd18a,1,0.542410358
61469cb2d40cbdf2d90bd18b,1,0.481852514
61469cb2d40cbdf2d90bd18c,1,0.457889236
61469cb2d40cbdf2d90bd18d,1,0.542805676
61469cb2d40cbdf2d90bd18e,1,0.443412266
61469cb2d40cbdf2d90bd18f,1,0.488378209
61469cb2d40cbdf2d90bd190,1,0.533090103
61469cb2d40cbdf2d90bd191,1,0.501562774
61469cb2d40cbdf2d90bd192,1,0.47131006
61469cb2d40cbdf2d90bd193,1,0.57639095
61469cb2d40cbdf2d90bd194,1,0.516992367
61469cb3d40cbdf2d90bd195,1,0.525799458
61469cb3d40cbdf2d90bd196,1,0.484164807
61469cb3d40cbdf2d90bd197,1,0.481619247
61469cb3d40cbdf2d90bd198,1,0.44906976
61469cb3d40cbdf2d90bd199,1,0.45882286
61469cb3d40cbdf2d90bd19a,1,0.584910418
61469cb3d40cbdf2d90bd19b,1,0.418795373
61469cb3d40cbdf2d90bd19c,1,0.454101084
61469cb3d40cbdf2d90bd19d,1,0.510209909
61469cb3d40cbdf2d90bd19e,1,0.505809452
61469cb3d40cbdf2d90bd19f,1,0.507319806
61469cb3d40cbdf2d90bd1a0,1,0.535540562
61469cb3d40cbdf2d90bd1a1,1,0.481613631
61469cb3d40cbdf2d90bd1a2,1,0.461504278
61469cb3d40cbdf2d90bd1a3,1,0.54972262
61469cb3d40cbdf2d90bd1a4,1,0.501011142
61469cb3d40cbdf2d90bd1a5,1,0.506726875
61469cb3d40cbdf2d90bd1a6,1,0.472568981
61469cb3d40cbdf2d90bd1a7,1,0.504715953
61469cb3d40cbdf2d90bd1a8,1,0.470779689
61469cb3d40cbdf2d90bd1a9,1,0.497435181
61469cb3d40cbdf2d90bd1aa,1,0.512237508
61469cb3d40cbdf2d90bd1ab,1,0.538636818
61469cb3d40cbdf2d90bd1ac,1,0.464102564
61469cb3d40cbdf2d90bd1ad,1,0.456523653
61469cb3d40cbdf2d90bd1ae,1,0.559112591
61469cb3d40cbdf2d90bd1af,1,0.505602899
61469cb3d40cbdf2d90bd1b0,1,0.450180555
61469cb4d40cbdf2d90bd1b1,1,0.459803091
61469cb4d40cbdf2d90bd1b2,1,0.435184067
61469cb4d40cbdf2d90bd1b3,1,0.509745762
61469cb4d40cbdf2d90bd1b4,1,0.449266434
61469cb4d40cbdf2d90bd1b5,1,0.469073157
61469cb4d40cbdf2d90bd1b6,1,0.460970754
61469cb4d40cbdf2d90bd1b7,1,0.445124935
61469cb4d40cbdf2d90bd1b8,1,0.546686446
61469cb4d40cbdf2d90bd1b9,1,0.471412565
61469cb4d40cbdf2d90bd1ba,1,0.508183802
61469cb4d40cbdf2d90bd1bb,1,0.555134147
61469cb4d40cbdf2d90bd1bc,1,0.484946833
61469cb4d40cbdf2d90bd1bd,1,0.479994582
61469cb4d40cbdf2d90bd1be,1,0.518038162
61469cb4d40cbdf2d90bd1bf,1,0.469288607
61469cb4d40cbdf2d90bd1c0,1,0.441496138
61469cb4d40cbdf2d90bd1c1,1,0.491572103
61469cb4d40cbdf2d90bd1c2,1,0.479528684
61469cb4d40cbdf2d90bd1c3,1,0.475673067
61469cb4d40cbdf2d90bd1c4,1,0.48954755
61469cb4d40cbdf2d90bd1c5,0,0.586498304
61469cb4d40cbdf2d90bd1c6,0,0.660099006
61469cb4d40cbdf2d90bd1c7,0,0.673381147
61469cb4d40cbdf2d90bd1c8,0,0.607759396
61469cb4d40cbdf2d90bd1c9,0,0.526836221
61469cb4d40cbdf2d90bd1ca,0,0.567157353
61469cb4d40cbdf2d90bd1cb,0,0.598363748
61469cb4d40cbdf2d90bd1cc,0,0.59584885
61469cb4d40cbdf2d90bd1cd,0,0.597402054
61469cb5d40cbdf2d90bd1ce,0,0.508935526
61469cb5d40cbdf2d90bd1cf,0,0.626970034
61469cb5d40cbdf2d90bd1d0,0,0.56833081
61469cb5d40cbdf2d90bd1d1,0,0.592092549
61469cb5d40cbdf2d90bd1d2,0,0.493252834
61469cb5d40cbdf2d90bd1d3,0,0.521949988
61469cb5d40cbdf2d90bd1d4,0,0.470384056
61469cb5d40cbdf2d90bd1d5,0,0.514649747
61469cb5d40cbdf2d90bd1d6,0,0.616949094
61469cb5d40cbdf2d90bd1d7,0,0.613851422
61469cb5d40cbdf2d90bd1d8,0,0.517254958
61469cb5d40cbdf2d90bd1d9,0,0.61034261
61469cb5d40cbdf2d90bd1da,0,0.483138578
61469cb5d40cbdf2d90bd1db,0,0.484777339
61469cb5d40cbdf2d90bd1dc,0,0.54698822
61469cb5d40cbdf2d90bd1dd,0,0.497652481
61469cb5d40cbdf2d90bd1de,0,0.49338498
61469cb5d40cbdf2d90bd1df,0,0.524838178
61469cb5d40cbdf2d90bd1e0,0,0.557968343
61469cb5d40cbdf2d90bd1e1,0,0.565800851
61469cb5d40cbdf2d90bd1e2,0,0.539119556
61469cb5d40cbdf2d90bd1e3,0,0.494504499
61469cb5d40cbdf2d90bd1e4,0,0.52385686
61469cb5d40cbdf2d90bd1e5,0,0.505068823
61469cb5d40cbdf2d90bd1e6,0,0.606031491
61469cb5d40cbdf2d90bd1e7,0,0.502487645
61469cb6d40cbdf2d90bd1e8,0,0.507832001
61469cb6d40cbdf2d90bd1e9,0,0.559514231
61469cb6d40cbdf2d90bd1ea,0,0.513480925
61469cb6d40cbdf2d90bd1eb,0,0.481351065
61469cb6d40cbdf2d90bd1ec,0,0.510177989
61469cb6d40cbdf2d90bd1ed,0,0.446566789
61469cb6d40cbdf2d90bd1ee,0,0.573623059
61469cb6d40cbdf2d90bd1ef,0,0.807122813
61469cb6d40cbdf2d90bd1f0,0,0.679682785
61469cb6d40cbdf2d90bd1f1,0,0.517117877
61469cb6d40cbdf2d90bd1f2,0,0.785026317
61469cb6d40cbdf2d90bd1f3,0,0.471602715
61469cb6d40cbdf2d90bd1f4,0,0.57131693
61469cb6d40cbdf2d90bd1f5,0,0.478413803
61469cb6d40cbdf2d90bd1f6,0,0.450098932
61469cb6d40cbdf2d90bd1f7,0,0.50113346
61469cb6d40cbdf2d90bd1f8,0,0.476958954
61469cb6d40cbdf2d90bd1f9,0,0.499769386
61469cb6d40cbdf2d90bd1fa,0,0.475893773
61469cb6d40cbdf2d90bd1fb,0,0.48303075
61469cb6d40cbdf2d90bd1fc,0,0.47873094
61469cb6d40cbdf2d90bd1fd,0,0.456270749
61469cb6d40cbdf2d90bd1fe,0,0.416407005
61469cb6d40cbdf2d90bd1ff,0,0.489209761
61469cb6d40cbdf2d90bd200,0,0.532635206
61469cb6d40cbdf2d90bd201,0,0.54543693
61469cb6d40cbdf2d90bd202,0,0.455649635
61469cb6d40cbdf2d90bd203,0,0.465672892
61469cb6d40cbdf2d90bd204,0,0.616787202
61469cb6d40cbdf2d90bd205,0,0.530834786
61469cb6d40cbdf2d90bd206,0,0.477293656
61469cb6d40cbdf2d90bd207,0,0.556150157
61469cb6d40cbdf2d90bd208,0,0.535813291
61469cb6d40cbdf2d90bd209,0,0.461250017
61469cb6d40cbdf2d90bd20a,0,0.510186971
61469cb7d40cbdf2d90bd20b,0,0.563342416
61469cb7d40cbdf2d90bd20c,0,0.571014156
61469cb7d40cbdf2d90bd20d,0,0.691585539
61469cb7d40cbdf2d90bd20e,0,0.571743122
61469cb7d40cbdf2d90bd20f,0,0.664428027
61469cb7d40cbdf2d90bd210,0,0.537579077
61469cb7d40cbdf2d90bd211,0,0.542334421
61469cb7d40cbdf2d90bd212,0,0.45052832
61469cb7d40cbdf2d90bd213,0,0.717305916
61469cb7d40cbdf2d90bd214,0,0.561804708
61469cb7d40cbdf2d90bd215,0,0.497083438
61469cb7d40cbdf2d90bd216,0,0.47545729
61469cb7d40cbdf2d90bd217,0,0.43958093
61469cb7d40cbdf2d90bd218,0,0.521153708
61469cb7d40cbdf2d90bd219,0,0.514884078
61469cb7d40cbdf2d90bd21a,0,0.435228312
61469cb7d40cbdf2d90bd21b,0,0.517542773
61469cb7d40cbdf2d90bd21c,0,0.567316818
61469cb7d40cbdf2d90bd21d,0,0.449436475
61469cb7d40cbdf2d90bd21e,0,0.491870364
61469cb7d40cbdf2d90bd21f,0,0.47423824
61469cb7d40cbdf2d90bd220,0,0.524303019
61469cb7d40cbdf2d90bd221,0,0.697303532
61469cb7d40cbdf2d90bd222,0,0.557220689
61469cb7d40cbdf2d90bd223,0,0.537123658
61469cb7d40cbdf2d90bd224,0,0.547206307
61469cb7d40cbdf2d90bd225,0,0.472280543
61469cb7d40cbdf2d90bd226,0,0.495785974
61469cb7d40cbdf2d90bd227,0,0.443627839
61469cb7d40cbdf2d90bd228,0,0.479759994
61469cb7d40cbdf2d90bd229,0,0.562353144
61469cb7d40cbdf2d90bd22a,0,0.484208521
61469cb7d40cbdf2d90bd22b,0,0.462231268
61469cb7d40cbdf2d90bd22c,0,0.525768736
61469cb7d40cbdf2d90bd22d,0,0.58536794
61469cb7d40cbdf2d90bd22e,0,0.42793558
61469cb7d40cbdf2d90bd22f,0,0.524195608
61469cb7d40cbdf2d90bd230,0,0.49300778
61469cb8d40cbdf2d90bd231,0,0.459677591
61469cb8d40cbdf2d90bd232,0,0.725076869
61469cb8d40cbdf2d90bd233,0,0.5026903
61469cb8d40cbdf2d90bd234,0,0.539871702
61469cb8d40cbdf2d90bd235,0,0.607777832
61469cb8d40cbdf2d90bd236,0,0.560131872
61469cb8d40cbdf2d90bd237,0,0.560708636
61469cb8d40cbdf2d90bd238,0,0.691008156
61469cb8d40cbdf2d90bd239,0,0.544884748
61469cb8d40cbdf2d90bd23a,0,0.519462185
61469cb8d40cbdf2d90bd23b,0,0.612532747
61469cb8d40cbdf2d90bd23c,0,0.513857962
61469cb8d40cbdf2d90bd23d,0,0.496861334
61469cb8d40cbdf2d90bd23e,0,0.489901896
61469cb8d40cbdf2d90bd23f,0,0.517502012
61469cb8d40cbdf2d90bd240,0,0.452513849
61469cb8d40cbdf2d90bd241,0,0.492784791
61469cb8d40cbdf2d90bd242,0,0.489920397
61469cb8d40cbdf2d90bd243,0,0.465441978
61469cb8d40cbdf2d90bd244,0,0.501704161
61469cb8d40cbdf2d90bd245,0,0.452539221
61469cb8d40cbdf2d90bd246,0,0.472105781
61469cb8d40cbdf2d90bd247,0,0.551621691
61469cb8d40cbdf2d90bd248,0,0.516165831
61469cb8d40cbdf2d90bd249,0,0.530953343
61469cb8d40cbdf2d90bd24a,0,0.424481145
61469cb8d40cbdf2d90bd24b,0,0.466805072
61469cb8d40cbdf2d90bd24c,0,0.482219145
61469cb8d40cbdf2d90bd24d,0,0.444664798
61469cb9d40cbdf2d90bd24e,0,0.475658941
61469cb9d40cbdf2d90bd24f,0,0.458541393
61469cb9d40cbdf2d90bd250,0,0.527229516
61469cb9d40cbdf2d90bd251,0,0.533079401
61469cb9d40cbdf2d90bd252,0,0.475159981
61469cb9d40cbdf2d90bd253,0,0.643055505
61469cb9d40cbdf2d90bd254,0,0.510566565
61469cb9d40cbdf2d90bd255,0,0.528412446
61469cb9d40cbdf2d90bd256,0,0.529411171
61469cb9d40cbdf2d90bd257,0,0.503862849
61469cb9d40cbdf2d90bd258,0,0.477438786
61469cb9d40cbdf2d90bd259,0,0.523355192
61469cb9d40cbdf2d90bd25a,0,0.580650611
61469cb9d40cbdf2d90bd25b,0,0.563796066
61469cb9d40cbdf2d90bd25c,0,0.561903985
61469cb9d40cbdf2d90bd25d,0,0.515450826
61469cb9d40cbdf2d90bd25e,0,0.50507347
61469cb9d40cbdf2d90bd25f,0,0.521710997
61469cb9d40cbdf2d90bd260,0,0.464093965
61469cb9d40cbdf2d90bd261,0,0.533661553
61469cb9d40cbdf2d90bd262,0,0.525176079
61469cb9d40cbdf2d90bd263,0,0.519423223
61469cb9d40cbdf2d90bd264,0,0.472369488
61469cb9d40cbdf2d90bd265,0,0.510622411
61469cb9d40cbdf2d90bd266,0,0.561537873
61469cb9d40cbdf2d90bd267,0,0.561341495
61469cb9d40cbdf2d90bd268,0,0.481898542
61469cb9d40cbdf2d90bd269,0,0.476282188
61469cbad40cbdf2d90bd26a,0,0.647382613
61469cbad40cbdf2d90bd26b,0,0.613777273
61469cbad40cbdf2d90bd26c,0,0.618313627
61469cbad40cbdf2d90bd26d,0,0.562999885
61469cbad40cbdf2d90bd26e,0,0.451570881
61469cbad40cbdf2d90bd26f,0,0.506211006
61469cbad40cbdf2d90bd270,0,0.444512421
61469cbad40cbdf2d90bd271,0,0.489643317
61469cbad40cbdf2d90bd272,0,0.541436317
61469cbad40cbdf2d90bd273,0,0.653717658
61469cbad40cbdf2d90bd274,0,0.588214421
61469cbad40cbdf2d90bd275,0,0.603284352
61469cbad40cbdf2d90bd276,0,0.579690053
61469cbad40cbdf2d90bd277,0,0.547175895
61469cbad40cbdf2d90bd278,0,0.637739049
61469cbad40cbdf2d90bd279,0,0.570329285
61469cbad40cbdf2d90bd27a,0,0.527149881
61469cbad40cbdf2d90bd27b,0,0.629033841
61469cbad40cbdf2d90bd27c,0,0.270310072
61469cbad40cbdf2d90bd27d,0,0.53198986
61469cbad40cbdf2d90bd27e,0,0.496958972
61469cbbd40cbdf2d90bd27f,0,0.503984789
61469cbbd40cbdf2d90bd280,0,0.476536638
61469cbbd40cbdf2d90bd281,0,0.564394272
61469cbbd40cbdf2d90bd282,0,0.464181386
61469cbbd40cbdf2d90bd283,0,0.503454027
61469cbbd40cbdf2d90bd284,0,0.496119191
61469cbbd40cbdf2d90bd285,0,0.507348753
61469cbbd40cbdf2d90bd286,0,0.592067949
61469cbbd40cbdf2d90bd287,0,0.598276375
61469cbbd40cbdf2d90bd288,0,0.598869811
61469cbbd40cbdf2d90bd289,0,0.566265108
61469cbbd40cbdf2d90bd28a,0,0.446844394
61469cbbd40cbdf2d90bd28b,0,0.56341504
61469cbbd40cbdf2d90bd28c,0,0.584649123
61469cbbd40cbdf2d90bd28d,0,0.617103332
61469cbbd40cbdf2d90bd28e,0,0.523682303
61469cbbd40cbdf2d90bd28f,0,0.65263843
61469cbbd40cbdf2d90bd290,0,0.557505433
61469cbbd40cbdf2d90bd291,0,0.571177195
61469cbbd40cbdf2d90bd292,0,0.524069887
61469cbbd40cbdf2d90bd293,0,0.510723531
61469cbbd40cbdf2d90bd294,0,0.585361342
61469cbbd40cbdf2d90bd295,0,0.508876682
61469cbbd40cbdf2d90bd296,0,0.45514101
61469cbbd40cbdf2d90bd297,0,0.617617563
61469cbbd40cbdf2d90bd298,0,0.694604557
61469cbbd40cbdf2d90bd299,0,0.586223051
61469cbbd40cbdf2d90bd29a,0,0.60378967
61469cbbd40cbdf2d90bd29b,0,0.65524937
61469cbbd40cbdf2d90bd29c,0,0.604308129
61469cbbd40cbdf2d90bd29d,0,0.692874314
61469cbcd40cbdf2d90bd29e,0,0.581454835
61469cbcd40cbdf2d90bd29f,0,0.522339232
61469cbcd40cbdf2d90bd2a0,0,0.537960073
61469cbcd40cbdf2d90bd2a1,0,0.557159461
61469cbcd40cbdf2d90bd2a2,0,0.512360871
61469cbcd40cbdf2d90bd2a3,0,0.553247386
61469cbcd40cbdf2d90bd2a4,0,0.607585176
61469cbcd40cbdf2d90bd2a5,0,0.550000363
61469cbcd40cbdf2d90bd2a6,0,0.550277876
61469cbcd40cbdf2d90bd2a7,0,0.450015602
61469cbcd40cbdf2d90bd2a8,0,0.511962761
61469cbcd40cbdf2d90bd2a9,0,0.572716734
61469cbcd40cbdf2d90bd2aa,0,0.683265657
61469cbcd40cbdf2d90bd2ab,0,0.608759421
61469cbcd40cbdf2d90bd2ac,0,0.461080587
61469cbcd40cbdf2d90bd2ad,0,0.47847334
61469cbcd40cbdf2d90bd2ae,0,0.606998361
61469cbcd40cbdf2d90bd2af,0,0.504873915
61469cbcd40cbdf2d90bd2b0,0,0.500532197
61469cbcd40cbdf2d90bd2b1,0,0.513588212
61469cbcd40cbdf2d90bd2b2,0,0.506125117
61469cbcd40cbdf2d90bd2b3,0,0.515752737
61469cbcd40cbdf2d90bd2b4,0,0.4296496
61469cbcd40cbdf2d90bd2b5,0,0.449977866
61469cbcd40cbdf2d90bd2b6,0,0.472266463
61469cbcd40cbdf2d90bd2b7,0,0.471740955
61469cbcd40cbdf2d90bd2b8,0,0.450367053
61469cbcd40cbdf2d90bd2b9,0,0.461455751
61469cbcd40cbdf2d90bd2ba,0,0.514864165
61469cbcd40cbdf2d90bd2bb,0,0.582601367
61469cbcd40cbdf2d90bd2bc,0,0.534760832
61469cbcd40cbdf2d90bd2bd,0,0.569313737
61469cbcd40cbdf2d90bd2be,0,0.523293593
61469cbdd40cbdf2d90bd2bf,0,0.534409255
61469cbdd40cbdf2d90bd2c0,0,0.550265035
61469cbdd40cbdf2d90bd2c1,0,0.544971704
61469cbdd40cbdf2d90bd2c2,0,0.584015857
61469cbdd40cbdf2d90bd2c3,0,0.538168734
61469cbdd40cbdf2d90bd2c4,0,0.550378596
61469cbdd40cbdf2d90bd2c5,0,0.463872623
61469cbdd40cbdf2d90bd2c6,0,0.601871944
61469cbdd40cbdf2d90bd2c7,0,0.457036235
61469cbdd40cbdf2d90bd2c8,0,0.585129145
61469cbdd40cbdf2d90bd2c9,0,0.467809795
61469cbdd40cbdf2d90bd2ca,0,0.511960004
61469cbdd40cbdf2d90bd2cb,0,0.443623556
61469cbdd40cbdf2d90bd2cc,0,0.441964595
61469cbdd40cbdf2d90bd2cd,0,0.454250539
61469cbdd40cbdf2d90bd2ce,0,0.450003449
61469cbdd40cbdf2d90bd2cf,0,0.46265658
61469cbdd40cbdf2d90bd2d0,0,0.444186052
61469cbdd40cbdf2d90bd2d1,0,0.433109007
61469cbdd40cbdf2d90bd2d2,0,0.453213814
61469cbdd40cbdf2d90bd2d3,0,0.505362512
61469cbdd40cbdf2d90bd2d4,0,0.552859638
61469cbdd40cbdf2d90bd2d5,0,0.483428589
61469cbdd40cbdf2d90bd2d6,0,0.517605712
61469cbdd40cbdf2d90bd2d7,0,0.500985239
61469cbdd40cbdf2d90bd2d8,0,0.531127839
61469cbed40cbdf2d90bd2d9,0,0.495674966
61469cbed40cbdf2d90bd2da,0,0.471257479
61469cbed40cbdf2d90bd2db,0,0.558871454
61469cbed40cbdf2d90bd2dc,0,0.502311412
61469cbed40cbdf2d90bd2dd,0,0.545867022
61469cbed40cbdf2d90bd2de,0,0.6000986
61469cbed40cbdf2d90bd2df,0,0.473056825
61469cbed40cbdf2d90bd2e0,0,0.506692581
61469cbed40cbdf2d90bd2e1,0,0.490266798
61469cbed40cbdf2d90bd2e2,0,0.537831788
61469cbed40cbdf2d90bd2e3,0,0.567748074
61469cbed40cbdf2d90bd2e4,0,0.457465964
61469cbed40cbdf2d90bd2e5,0,0.582578556
61469cbed40cbdf2d90bd2e6,0,0.615137619
61469cbed40cbdf2d90bd2e7,0,0.547782059
61469cbed40cbdf2d90bd2e8,0,0.49223882
61469cbed40cbdf2d90bd2e9,0,0.522773522
61469cbed40cbdf2d90bd2ea,0,0.549467421
61469cbed40cbdf2d90bd2eb,0,0.508699648
61469cbed40cbdf2d90bd2ec,0,0.541231178
61469cbed40cbdf2d90bd2ed,0,0.537273723
61469cbed40cbdf2d90bd2ee,0,0.47900779
61469cbfd40cbdf2d90bd2ef,0,0.616943722
61469cbfd40cbdf2d90bd2f0,0,0.528801049
61469cbfd40cbdf2d90bd2f1,0,0.617526714
61469cbfd40cbdf2d90bd2f2,0,0.738362474
61469cbfd40cbdf2d90bd2f3,0,0.578831593
61469cbfd40cbdf2d90bd2f4,0,0.566031888
61469cbfd40cbdf2d90bd2f5,0,0.642900528
61469cbfd40cbdf2d90bd2f6,0,0.718615188
61469cbfd40cbdf2d90bd2f7,0,0.612175671
61469cbfd40cbdf2d90bd2f8,0,0.673647084
61469cbfd40cbdf2d90bd2f9,0,0.86970502
61469cbfd40cbdf2d90bd2fa,0,0.514924312
61469cbfd40cbdf2d90bd2fb,0,0.54532388
61469cbfd40cbdf2d90bd2fc,0,0.666863572
61469cbfd40cbdf2d90bd2fd,0,0.623048474
61469cbfd40cbdf2d90bd2fe,0,0.614329552
61469cbfd40cbdf2d90bd2ff,0,0.603042533
61469cbfd40cbdf2d90bd300,0,0.460996119
61469cbfd40cbdf2d90bd301,0,0.589651297
61469cbfd40cbdf2d90bd302,0,0.520388629
61469cbfd40cbdf2d90bd303,0,0.472525478
61469cbfd40cbdf2d90bd304,0,0.622407356
61469cbfd40cbdf2d90bd305,0,0.516925642
61469cbfd40cbdf2d90bd306,0,0.576105732
61469cbfd40cbdf2d90bd307,0,0.59666804
61469cbfd40cbdf2d90bd308,0,0.582684945
61469cbfd40cbdf2d90bd309,0,0.52482864
61469cbfd40cbdf2d90bd30a,0,0.563957431
61469cc0d40cbdf2d90bd30b,0,0.506150015
61469cc0d40cbdf2d90bd30c,0,0.524955169
61469cc0d40cbdf2d90bd30d,0,0.567613046
61469cc0d40cbdf2d90bd30e,0,0.642268116
61469cc0d40cbdf2d90bd30f,0,0.472676801
61469cc0d40cbdf2d90bd310,0,0.46693428
61469cc0d40cbdf2d90bd311,0,0.45514347
61469cc0d40cbdf2d90bd312,0,0.478613945
61469cc0d40cbdf2d90bd313,0,0.473683052
61469cc0d40cbdf2d90bd314,0,0.498930732
61469cc0d40cbdf2d90bd315,0,0.560784173
61469cc0d40cbdf2d90bd316,0,0.521519416
61469cc0d40cbdf2d90bd317,0,0.560892382
61469cc0d40cbdf2d90bd318,0,0.503419694
61469cc0d40cbdf2d90bd319,0,0.53790586
61469cc0d40cbdf2d90bd31a,0,0.668162985
61469cc0d40cbdf2d90bd31b,0,0.629479611
61469cc0d40cbdf2d90bd31c,0,0.694100239
61469cc0d40cbdf2d90bd31d,0,0.649857033
61469cc0d40cbdf2d90bd31e,0,0.455347735
61469cc0d40cbdf2d90bd31f,0,0.571044663
61469cc0d40cbdf2d90bd320,0,0.579984307
61469cc0d40cbdf2d90bd321,0,0.531787256
61469cc0d40cbdf2d90bd322,0,0.619564136
61469cc0d40cbdf2d90bd323,0,0.534397448
61469cc0d40cbdf2d90bd324,0,0.622838994
61469cc0d40cbdf2d90bd325,0,0.572132795
61469cc0d40cbdf2d90bd326,0,0.55427545
61469cc0d40cbdf2d90bd327,0,0.651617123
61469cc0d40cbdf2d90bd328,0,0.586019355
61469cc0d40cbdf2d90bd329,0,0.592141326
61469cc1d40cbdf2d90bd32a,0,0.489896095
61469cc1d40cbdf2d90bd32b,0,0.57557015
61469cc1d40cbdf2d90bd32c,0,0.552500803
61469cc1d40cbdf2d90bd32d,0,0.60550528
61469cc1d40cbdf2d90bd32e,0,0.62879094
61469cc1d40cbdf2d90bd32f,0,0.596056192
61469cc1d40cbdf2d90bd330,0,0.501214507
61469cc1d40cbdf2d90bd331,0,0.551461044
61469cc1d40cbdf2d90bd332,0,0.50650542
61469cc1d40cbdf2d90bd333,0,0.527820907
61469cc1d40cbdf2d90bd334,0,0.593107419
61469cc1d40cbdf2d90bd335,0,0.648203081
61469cc1d40cbdf2d90bd336,0,0.642097997
